﻿output_variable_name,units,long_name,Tier
tas,K,Near-Surface Air Temperature,Core
tasmax,K,Daily Maximum Near-Surface Air Temperature,Core
tasmin,K,Daily Minimum Near-Surface Air Temperature,Core
pr,kg m-2 s-1,Precipitation,Core
evspsbl,kg m-2 s-1,Evaporation Including Sublimation and Transpiration,Core
huss,1,Near-Surface Specific Humidity,Core
hurs,%,Near-Surface Relative Humidity,Core
ps,Pa,Surface Air Pressure,Core
psl,Pa,Sea Level Pressure,Core
sfcWind,m s-1,Near-Surface Wind Speed,Core
uas,m s-1,Eastward Near-Surface Wind,Core
vas,m s-1,Northward Near-Surface Wind,Core
clt,%,Total Cloud Cover Percentage,Core
rsds,W m-2,Surface Downwelling Shortwave Radiation,Core
rlds,W m-2,Surface Downwelling Longwave Radiation,Core
orog,m,Surface Altitude,Core
sftlf,%,Percentage of the Grid Cell Occupied by Land,Core
ts,K,Surface Temperature,Tier 1
tsl,K,Temperature of Soil,Tier 1
prc,kg m-2 s-1,Convective Precipitation,Tier 1
prhmax,kg m-2 s-1,Daily Maximum Hourly Precipitation Rate,Tier 1
prsn,kg m-2 s-1,Snowfall Flux,Tier 1
mrros,kg m-2 s-1,Surface Runoff,Tier 1
mrro,kg m-2 s-1,Total Runoff,Tier 1
snm,kg m-2 s-1,Surface Snow Melt,Tier 1
tauu,Pa,Surface Downward Eastward Wind Stress,Tier 1
tauv,Pa,Surface Downward Northward Wind Stress,Tier 1
sfcWindmax,m s-1,Daily Maximum Near-Surface Wind Speed,Tier 1
sund,s,Daily Duration of Sunshine,Tier 1
rsdsdir,W m-2,Surface Direct Downwelling Shortwave Radiation,Tier 1
rsus,W m-2,Surface Upwelling Shortwave Radiation,Tier 1
rlus,W m-2,Surface Upwelling Longwave Radiation,Tier 1
rlut,W m-2,TOA Outgoing Longwave Radiation,Tier 1
rsdt,W m-2,TOA Incident Shortwave Radiation,Tier 1
rsut,W m-2,TOA Outgoing Shortwave Radiation,Tier 1
hfls,W m-2,Surface Upward Latent Heat Flux,Tier 1
hfss,W m-2,Surface Upward Sensible Heat Flux,Tier 1
mrfso,kg m-2,Soil Frozen Water Content,Tier 1
mrfsos,kg m-2,Frozen Water Content in Upper Portion of Soil Column,Tier 1
mrsfl,kg m-2,Frozen Water Content of Soil Layer,Tier 1
mrso,kg m-2,Total Soil Moisture Content,Tier 1
mrsos,kg m-2,Moisture in Upper Portion of Soil Column,Tier 1
mrsol,kg m-2,Total Water Content of Soil Layer,Tier 1
snw,kg m-2,Surface Snow Amount,Tier 1
snc,%,Snow Area Percentage,Tier 1
snd,m,Snow Depth,Tier 1
siconca,%,Sea-Ice Area Percentage (Atmospheric Grid),Tier 1
zmla,m,Height of Boundary Layer,Tier 1
prw,kg m-2,Water Vapor Path,Tier 1
clwvi,kg m-2,Condensed Water Path,Tier 1
clivi,kg m-2,Ice Water Path,Tier 1
ua1000,m s-1,Eastward Wind at 1000hPa,Tier 1
ua925,m s-1,Eastward Wind at 925hPa,Tier 1
ua850,m s-1,Eastward Wind at 850hPa,Tier 1
ua700,m s-1,Eastward Wind at 700hPa,Tier 1
ua600,m s-1,Eastward Wind at 600hPa,Tier 1
ua500,m s-1,Eastward Wind at 500hPa,Tier 1
ua400,m s-1,Eastward Wind at 400hPa,Tier 1
ua300,m s-1,Eastward Wind at 300hPa,Tier 1
ua250,m s-1,Eastward Wind at 250hPa,Tier 1
ua200,m s-1,Eastward Wind at 200hPa,Tier 1
va1000,m s-1,Northward Wind at 1000hPa,Tier 1
va925,m s-1,Northward Wind at 925hPa,Tier 1
va850,m s-1,Northward Wind at 850hPa,Tier 1
va700,m s-1,Northward Wind at 700hPa,Tier 1
va600,m s-1,Northward Wind at 600hPa,Tier 1
va500,m s-1,Northward Wind at 500hPa,Tier 1
va400,m s-1,Northward Wind at 400hPa,Tier 1
va300,m s-1,Northward Wind at 300hPa,Tier 1
va250,m s-1,Northward Wind at 250hPa,Tier 1
va200,m s-1,Northward Wind at 200hPa,Tier 1
ta1000,K,Air Temperature at 1000hPa,Tier 1
ta925,K,Air Temperature at 925hPa,Tier 1
ta850,K,Air Temperature at 850hPa,Tier 1
ta700,K,Air Temperature at 700hPa,Tier 1
ta600,K,Air Temperature at 600hPa,Tier 1
ta500,K,Air Temperature at 500hPa,Tier 1
ta400,K,Air Temperature at 400hPa,Tier 1
ta300,K,Air Temperature at 300hPa,Tier 1
ta250,K,Air Temperature at 250hPa,Tier 1
ta200,K,Air Temperature at 200hPa,Tier 1
hus1000,1,Specific Humidity at 1000hPa,Tier 1
hus925,1,Specific Humidity at 925hPa,Tier 1
hus850,1,Specific Humidity at 850hPa,Tier 1
hus700,1,Specific Humidity at 700hPa,Tier 1
hus600,1,Specific Humidity at 600hPa,Tier 1
hus500,1,Specific Humidity at 500hPa,Tier 1
hus400,1,Specific Humidity at 400hPa,Tier 1
hus300,1,Specific Humidity at 300hPa,Tier 1
hus250,1,Specific Humidity at 250hPa,Tier 1
hus200,1,Specific Humidity at 200hPa,Tier 1
zg1000,m,Geopotential Height at 1000hPa,Tier 1
zg925,m,Geopotential Height at 925hPa,Tier 1
zg850,m,Geopotential Height at 850hPa,Tier 1
zg700,m,Geopotential Height at 700hPa,Tier 1
zg600,m,Geopotential Height at 600hPa,Tier 1
zg500,m,Geopotential Height at 500hPa,Tier 1
zg400,m,Geopotential Height at 400hPa,Tier 1
zg300,m,Geopotential Height at 300hPa,Tier 1
zg250,m,Geopotential Height at 250hPa,Tier 1
zg200,m,Geopotential Height at 200hPa,Tier 1
wa1000,m s-1,Upward Air Velocity at 1000hPa,Tier 1
wa925,m s-1,Upward Air Velocity at 925hPa,Tier 1
wa850,m s-1,Upward Air Velocity at 850hPa,Tier 1
wa700,m s-1,Upward Air Velocity at 700hPa,Tier 1
wa600,m s-1,Upward Air Velocity at 600hPa,Tier 1
wa500,m s-1,Upward Air Velocity at 500hPa,Tier 1
wa400,m s-1,Upward Air Velocity at 400hPa,Tier 1
wa300,m s-1,Upward Air Velocity at 300hPa,Tier 1
wa250,m s-1,Upward Air Velocity at 250hPa,Tier 1
wa200,m s-1,Upward Air Velocity at 200hPa,Tier 1
ua50m,m s-1,Eastward Wind at 50m,Tier 1
ua100m,m s-1,Eastward Wind at 100m,Tier 1
ua150m,m s-1,Eastward Wind at 150m,Tier 1
va50m,m s-1,Northward Wind at 50m,Tier 1
va100m,m s-1,Northward Wind at 100m,Tier 1
va150m,m s-1,Northward Wind at 150m,Tier 1
ta50m,K,Air Temperature at 50m,Tier 1
hus50m,1,Specific Humidity at 50m,Tier 1
evspsblpot,kg m-2 s-1,Potential Evapotranspiration,Tier 2
wsgsmax,m s-1,Daily Maximum Near-Surface Wind Speed of Gust,Tier 2
clh,%,High Level Cloud Fraction,Tier 2
clm,%,Mid Level Cloud Fraction,Tier 2
cll,%,Low Level Cloud Fraction,Tier 2
rsdscs,W m-2,Surface Downwelling Clear-Sky Shortwave Radiation,Tier 2
rldscs,W m-2,Surface Downwelling Clear-Sky Longwave Radiation,Tier 2
rsuscs,W m-2,Surface Upwelling Clear-Sky Shortwave Radiation,Tier 2
rluscs,W m-2,Surface Upwelling Clear-Sky Longwave Radiation,Tier 2
rsutcs,W m-2,TOA Outgoing Clear-Sky Shortwave Radiation,Tier 2
rlutcs,W m-2,TOA Outgoing Clear-Sky Longwave Radiation,Tier 2
z0,m,Surface Roughness Length,Tier 2
CAPE,J kg-1,Convective Available Potential Energy,Tier 2
LI,K,Lifted Index,Tier 2
CIN,J kg-1,Convective Inhibition,Tier 2
CAPEmax,J kg-1,Daily Maximum Convective Available Potential Energy,Tier 2
LImax,K,Daily Maximum Lifted Index,Tier 2
CINmax,J kg-1,Daily Maximum Convective Inhibition,Tier 2
od550aer ,1,Ambient Aerosol Optical Thickness at 550nm,Tier 2
ua150,m s-1,Eastward Wind at 150hPa,Tier 2
ua100,m s-1,Eastward Wind at 100hPa,Tier 2
ua70,m s-1,Eastward Wind at 70hPa,Tier 2
ua50,m s-1,Eastward Wind at 50hPa,Tier 2
ua30,m s-1,Eastward Wind at 30hPa,Tier 2
ua20,m s-1,Eastward Wind at 20hPa,Tier 2
ua10,m s-1,Eastward Wind at 10hPa,Tier 2
va150,m s-1,Northward Wind at 150hPa,Tier 2
va100,m s-1,Northward Wind at 100hPa,Tier 2
va70,m s-1,Northward Wind at 70hPa,Tier 2
va50,m s-1,Northward Wind at 50hPa,Tier 2
va30,m s-1,Northward Wind at 30hPa,Tier 2
va20,m s-1,Northward Wind at 20hPa,Tier 2
va10,m s-1,Northward Wind at 10hPa,Tier 2
ta150,K,Air Temperature at 150hPa,Tier 2
ta100,K,Air Temperature at 100hPa,Tier 2
ta70,K,Air Temperature at 70hPa,Tier 2
ta50,K,Air Temperature at 50hPa,Tier 2
ta30,K,Air Temperature at 30hPa,Tier 2
ta20,K,Air Temperature at 20hPa,Tier 2
ta10,K,Air Temperature at 10hPa,Tier 2
hus150,1,Specific Humidity at 150hPa,Tier 2
hus100,1,Specific Humidity at 100hPa,Tier 2
hus70,1,Specific Humidity at 70hPa,Tier 2
hus50,1,Specific Humidity at 50hPa,Tier 2
hus30,1,Specific Humidity at 30hPa,Tier 2
hus20,1,Specific Humidity at 20hPa,Tier 2
hus10,1,Specific Humidity at 10hPa,Tier 2
zg150,m,Geopotential Height at 150hPa,Tier 2
zg100,m,Geopotential Height at 100hPa,Tier 2
zg70,m,Geopotential Height at 70hPa,Tier 2
zg50,m,Geopotential Height at 50hPa,Tier 2
zg30,m,Geopotential Height at 30hPa,Tier 2
zg20,m,Geopotential Height at 20hPa,Tier 2
zg10,m,Geopotential Height at 10hPa,Tier 2
wa150,m s-1,Upward Air Velocity at 150hPa,Tier 2
wa100,m s-1,Upward Air Velocity at 100hPa,Tier 2
wa70,m s-1,Upward Air Velocity at 70hPa,Tier 2
wa50,m s-1,Upward Air Velocity at 50hPa,Tier 2
wa30,m s-1,Upward Air Velocity at 30hPa,Tier 2
wa20,m s-1,Upward Air Velocity at 20hPa,Tier 2
wa10,m s-1,Upward Air Velocity at 10hPa,Tier 2
ua750,m s-1,Eastward Wind at 750hPa,Tier 2
va750,m s-1,Northward Wind at 750hPa,Tier 2
ta750,K,Air Temperature at 750hPa,Tier 2
hus750,1,Specific Humidity,Tier 2
zg750,m,Geopotential Height,Tier 2
wa750,m s-1,Upward Air Velocity,Tier 2
ua200m,m s-1,Eastward Wind at 200m,Tier 2
ua250m,m s-1,Eastward Wind at 250m,Tier 2
ua300m,m s-1,Eastward Wind at 300m,Tier 2
va200m,m s-1,Northward Wind at 200m,Tier 2
va250m,m s-1,Northward Wind at 250m,Tier 2
va300m,m s-1,Northward Wind at 350m,Tier 2
sftgif,%,Percentage of the Grid Cell Covered by Glacier,Tier 2
mrsofc,kg m-2,Capacity of Soil to Store Water  (Field Capacity),Tier 2
rootd,m,Maximum Root Depth,Tier 2
sftlaf,%,Percentage of the Grid Cell Occupied by Lake,Tier 2
sfturf,%,Percentage of the Grid Cell Occupied by City,Tier 2
dtb,m,Depth to Bedrock,Tier 2
areacella,m2,Atmosphere Grid-Cell Area,Tier 2